Records,Avg_KeyGen_Time,Avg_SharedSecret_Time,Avg_Latency,Avg_CPU_Usage,Avg_Mem_Usage,Throughput (exchanges/sec)
100,0.392914,0.000131,0.393045,-1.235,-0.003,7662.508678
500,0.359252,0.000133,0.359385,-0.5374,0.0006,7497.513523
1000,0.385299,0.000129,0.385427,0.086,0.0009,7771.561556
5000,0.366594,0.00013,0.366724,-0.186,-0.00012,7703.167804
