Records,Avg_Enc_Time,Avg_Dec_Time,Avg_Latency,Avg_CPU_Usage,Avg_Mem_Usage,Throughput
100,0.0017487645149230958,0.008198184967041016,0.009946949481964111,-0.773,0.0020000000000000282,571.8322801420616
500,0.0018677587509155274,0.008529630661010743,0.01039738941192627,-0.6167999999999999,-0.0006000000000000085,535.401051934478
1000,0.001872248649597168,0.00873429536819458,0.010606544017791748,-0.18350000000000002,0.0010999999999999801,534.1170897440143
5000,0.0018281154155731201,0.008867185497283936,0.010695300912857055,-0.24716,0.0005400000000000133,547.0114148599839
