Records,Avg_Sign_Time,Avg_Verify_Time,Avg_Latency,Avg_CPU_Usage,Avg_Mem_Usage,Throughput (sign/sec),Verified_Rate
100,0.0011062335968017578,0.0026526403427124022,0.0037588739395141603,-0.13800000000000004,0.0,903.968206074295,1.0
500,0.0011226944923400878,0.0025841937065124512,0.003706888198852539,-0.2264,0.0,890.7142653881292,1.0
1000,0.0010780038833618163,0.0025494492053985598,0.003627453088760376,-0.12910000000000002,9.999999999999786e-05,927.6404430765529,1.0
5000,0.001108536672592163,0.0025778638362884522,0.003686400508880615,-0.0833,-0.00011999999999999886,902.0901380390378,1.0
