Records,Avg_Enc_Time,Avg_Dec_Time,Avg_Latency,Avg_CPU_Usage,Avg_Mem_Usage,Throughput (encrypt/sec)
100,1.9283294677734374e-05,1.7094612121582031e-06,2.0992755889892577e-05,0.16799999999999998,-0.001999999999999993,51858.35806132542
500,1.9217491149902344e-05,1.7838478088378907e-06,2.1001338958740234e-05,0.38120000000000004,-0.0007999999999999936,52035.92873802789
1000,1.993703842163086e-05,2.0818710327148436e-06,2.2018909454345703e-05,-0.048100000000000136,-9.999999999999964e-05,50157.901030829205
5000,1.938624382019043e-05,1.8859386444091796e-06,2.127218246459961e-05,-0.04226000000000001,4.0000000000000566e-05,51582.96827766696
