Records,Avg_Sign_Time,Avg_Verify_Time,Avg_Latency,Avg_CPU_Usage,Avg_Mem_Usage,Throughput (sign/sec),Verified_Rate
100,0.0010862231254577636,0.0022137093544006346,0.003299932479858398,0.013000000000000017,0.0,920.6211657283333,1.0
500,0.0010667805671691895,0.0019223203659057618,0.0029891009330749512,0.778,-0.0005999999999999979,937.3999028250032,1.0
1000,0.0010599725246429443,0.0019294545650482178,0.002989427089691162,0.11139999999999994,0.00019999999999999928,943.420680018903,1.0
5000,0.0010530967712402343,0.0019127558708190919,0.0029658526420593264,-0.11329999999999998,0.00023999999999999987,949.5803494129963,1.0
